{"cameraMode":{"drawMode":0,"name":"Shaded","section":"Shading Mode"},"sceneLighting":true,"audioPlay":false,"sceneViewState":{"m_AlwaysRefresh":false,"showFog":true,"showSkybox":true,"showFlares":true,"showImageEffects":true,"showParticleSystems":true,"showVisualEffectGraphs":true,"m_FxEnabled":true},"in2DMode":false,"pivot":{"x":-0.5293674468994141,"y":0.2435961365699768,"z":0.5427451133728027},"rotation":{"x":0.05514053627848625,"y":-0.44087159633636477,"z":0.027147836983203889,"w":0.8954635262489319},"size":1.205441951751709,"orthographic":false}